Workbook
Name intern_sum: Kapazität!$A$7
Name Personenliste: Kapazität!$A$2:$A$6

Sheet Zuordnung Jul 14
A1: Zuordnung Entwickler Jul 14
B3: Kapazität
A6: Tom | B6: =Kapazität!H2 -> 15
A7: Jane | B7: =Kapazität!H3 -> 0
A8: Friedrich | B8: =Kapazität!H4 -> 0
A9: Alexander | B9: =Kapazität!H5 -> 20
A10: Betty | B10: =Kapazität!H6 -> 10
A11: Extern
E13: kein Projekt-Bedarf für diese Rolle

Sheet Zuordnung Aug 14
A1: Zuordnung Entwickler Aug 14
B3: Kapazität
A6: Tom | B6: =Kapazität!I2 -> 15
A7: Jane | B7: =Kapazität!I3 -> 0
A8: Friedrich | B8: =Kapazität!I4 -> 0
A9: Alexander | B9: =Kapazität!I5 -> 20
A10: Betty | B10: =Kapazität!I6 -> 10
A11: Extern
E13: kein Projekt-Bedarf für diese Rolle

Sheet Zuordnung Sep 14
A1: Zuordnung Entwickler Sep 14
B3: Kapazität
A6: Tom | B6: =Kapazität!J2 -> 15
A7: Jane | B7: =Kapazität!J3 -> 0
A8: Friedrich | B8: =Kapazität!J4 -> 0
A9: Alexander | B9: =Kapazität!J5 -> 20
A10: Betty | B10: =Kapazität!J6 -> 10
A11: Extern
E13: kein Projekt-Bedarf für diese Rolle

Sheet Summary
B1: Projekt | E1: 41824.448 | F1: 41855.448 | G1: 41886 | H1: 41916 | I1: 41947 | J1: 41977
A3: Entwickler
B4: Einführung 1 | D4: 1 | E4: 0 | F4: 0 | G4: 0 | H4: 7 | I4: 12 | J4: 7
A5: Summe | E5: =SUM(E4:E4) -> 0 | F5: =SUM(F4:F4) -> 0 | G5: =SUM(G4:G4) -> 0 | H5: =SUM(H4:H4) -> 7 | I5: =SUM(I4:I4) -> 12 | J5: =SUM(J4:J4) -> 7
A6: Kapazität | E6: 45 | F6: 45 | G6: 45 | H6: 45 | I6: 45 | J6: 45

Sheet Kapazität
A1: Angaben in PT | B1: 41640 | C1: 41671 | D1: 41699 | E1: 41730 | F1: 41760 | G1: 41791 | H1: 41821 | I1: 41852 | J1: 41883 | K1: 41913 | L1: 41944 | M1: 41974 | N1: 42005 | O1: 42036 | P1: 42064 | Q1: 42095 | R1: 42125 | S1: 42156 | T1: 42186 | U1: 42217 | V1: 42248
A2: Tom | B2: 15 | C2: 15 | D2: 15 | E2: 15 | F2: 15 | G2: 15 | H2: 15 | I2: 15 | J2: 15 | K2: 15 | L2: 15 | M2: 15 | N2: 15 | O2: 15 | P2: 15 | Q2: 15 | R2: 15 | S2: 15 | T2: 15 | U2: 15 | V2: 15
A3: Jane
A4: Friedrich
A5: Alexander | B5: 20 | C5: 20 | D5: 20 | E5: 20 | F5: 20 | G5: 20 | H5: 20 | I5: 20 | J5: 20 | K5: 20 | L5: 20 | M5: 20 | N5: 20 | O5: 20 | P5: 20 | Q5: 20 | R5: 20 | S5: 20 | T5: 20 | U5: 20 | V5: 20
A6: Betty | B6: 10 | C6: 10 | D6: 10 | E6: 10 | F6: 10 | G6: 10 | H6: 10 | I6: 10 | J6: 10 | K6: 10 | L6: 10 | M6: 10 | N6: 10 | O6: 10 | P6: 10 | Q6: 10 | R6: 10 | S6: 10 | T6: 10 | U6: 10 | V6: 10
A7: Summe intern | B7: =SUM(B2:B6) -> 45 | C7: =SUM(C2:C6) -> 45 | D7: =SUM(D2:D6) -> 45 | E7: =SUM(E2:E6) -> 45 | F7: =SUM(F2:F6) -> 45 | G7: =SUM(G2:G6) -> 45 | H7: =SUM(H2:H6) -> 45 | I7: =SUM(I2:I6) -> 45 | ... V7: =SUM(V2:V6) -> 45
